creator_id,creator_name,creator_display_name,creator_avatar,creator_followers,creator_posts,creator_rank,interactions_24h
twitter::1482977874386853891,_imagyn,Imagyn,https://pbs.twimg.com/profile_images/1745144641165422592/rIPuBHbk_200x200.png,4989,2,1,4818
twitter::1788835286375337984,Achicoinsol,ACHI,https://pbs.twimg.com/profile_images/1793303928710275072/YkU7UPwB_200x200.jpg,1711,2,2,949
twitter::973261472,blknoiz06,Ansem üêÇüÄÑÔ∏è,https://pbs.twimg.com/profile_images/1813008742624997376/cN6aRUge_200x200.jpg,478326,4,3,325
twitter::4872130923,GamesMasterFlex,GamesMaster.wif üá¨üáß‚Ä£üá∫üá∏,https://pbs.twimg.com/profile_images/1779732869645991936/2gRZ03ej_200x200.jpg,3739,2,4,252
twitter::142963655,bohotrades,b o h o üåäŒ£,https://pbs.twimg.com/profile_images/1815767037568020480/kDBapjgz_200x200.jpg,1414,7,5,244
twitter::1464999378427408384,CryptoVerse_Co,Crypto Verse,https://pbs.twimg.com/profile_images/1559827473646653442/ry5NQvNd_200x200.jpg,104409,1,6,14772
twitter::1340715012927725570,pokermonfacenft,‚ô¶Ô∏è‚ô†Ô∏è PokermonFace ‚ù§Ô∏è‚ô£Ô∏è,https://pbs.twimg.com/profile_images/1816263581320568832/Yd0xJXHA_200x200.jpg,12520,1,7,9548
twitter::1223801725674565632,blockgraze,blockgraze,https://pbs.twimg.com/profile_images/1760655565921873921/ACKqE_V9_200x200.jpg,52740,1,8,3978
twitter::1439270535070994440,Morecryptoonl,More Crypto Online,https://pbs.twimg.com/profile_images/1798922033834713088/Av5ev-bt_200x200.jpg,20976,1,9,3702
twitter::951367772243709953,TakeshisReturn,TakeshisReturn,https://pbs.twimg.com/profile_images/1730548644124729344/XTd2KisX_200x200.jpg,14079,1,10,3023
twitter::1323762343302615040,BSCNews,BSCN,https://pbs.twimg.com/profile_images/1740337106512187392/o0KBpMEp_200x200.jpg,1132909,1,11,2156
twitter::2656618825,blockchainrptr,Blockchain Reporter,https://pbs.twimg.com/profile_images/1021006446702424065/QmO8HiP8_200x200.jpg,63905,4,12,190
twitter::1368235719928463360,CryptoNinjaCat,NinjaKitty.eth ü¶∏‚Äç‚ôÄÔ∏èüß™üëΩ,https://pbs.twimg.com/profile_images/1784726721566027776/RRlJbtH7_200x200.jpg,4780,1,13,1427
twitter::1770016076325093376,DocumentingWIF,Documenting dogwifhat üìÑüê∂üß¢,https://pbs.twimg.com/profile_images/1770037886093541376/nAjxQwcd_200x200.jpg,1116,3,14,182
twitter::953559767242498049,Utoday_en,U.Today,https://pbs.twimg.com/profile_images/1350093453024239616/nQYPws7u_200x200.jpg,84719,1,15,1394
twitter::2235329532,johnmorganFL,John Morgan,https://pbs.twimg.com/profile_images/1707510467936309248/ALkIbh_U_200x200.jpg,32132,6,16,182
tiktok::2490079,cryptodailyfeed,Crypto Daily News,https://p16-pu-useast8.tiktokcdn-us.com/tos-useast8-avt-0068-tx2/117e2b1d51a012daa8e2fc834dc60947~tplv-tiktokx-cropcenter-q:100:100:q75.webp?nonce=52696&ps=95&refresh_token=03169157968326a36024747591084996&s=AWEME_DETAIL&sc=avatar&shcp=1d1a97fc&shp=45126217&t=46,781600,1,17,1070
twitter::1493611694790266894,CryptoJPGANG,Êó•Êú¨„ÅÆ„Ç≥„Éü„É•„Éã„ÉÜ„Ç£ | JAPANESE CRYPTOüáØüáµ,https://pbs.twimg.com/profile_images/1811245383643004928/VIweq9N5_200x200.jpg,246564,1,18,827
twitter::1572738629780508673,RKillaKing,RainbowKing,https://pbs.twimg.com/profile_images/1790243163770425344/5J-iuX9C_200x200.jpg,3265,1,19,703
twitter::785436669843431424,rarepepenews,RarePepeNews,https://pbs.twimg.com/profile_images/1815235928639873024/81bSdpiC_200x200.jpg,3902,1,20,681
twitter::2260491445,CoinMarketCap,CoinMarketCap,https://pbs.twimg.com/profile_images/1609596934557429760/lIbH-TCC_200x200.jpg,6311000,4,21,103
twitter::1536693901230321666,RoundtableSpace,Mario Nawfal‚Äôs Roundtable,https://pbs.twimg.com/profile_images/1750481240983994368/ijRW1a6Y_200x200.jpg,73587,1,22,391
youtube::UCq1LxxUw6DVELFN0wOmLLQw,CryptonewsCom,Cryptonews,https://yt3.ggpht.com/p6grLqZ34JSraXyWSkcNSYsBPxWcxJliTdGsL_tRs0jBzahHjSvMVTxlEBMIHo2N2MTQvwpb=s88-c-k-c0x00ffffff-no-rj,10200,2,23,102
twitter::3229257164,gr3gor14n,gr3g,https://pbs.twimg.com/profile_images/1766032167124320256/HrxFDSmw_200x200.jpg,13738,1,24,320
twitter::1363385265201377283,Anilp2pvakta2,crypto shot news,https://pbs.twimg.com/profile_images/1755528246169612288/kLP35gKH_200x200.jpg,1010,2,25,98
twitter::35641946,caseyfordalexan,Casey Ford Alexander,https://pbs.twimg.com/profile_images/1814549501274955777/3azcVy29_200x200.jpg,1343,1,26,305
twitter::1420005336656842794,CointelegraphEE,Cointelegraph en Espa√±ol,https://pbs.twimg.com/profile_images/1420023108879138819/nHAPUXuM_200x200.jpg,15020,1,27,244
youtube::UCfQaLLoJYaxg9ZNJVHCR9Lg,BitcoinStrategy,Gerhard - Bitcoin Strategy,https://yt3.ggpht.com/qT8MzGRW1rkqeH7h-_zSf2zVxQ3v5WWQHi_SMCTbpJsvnW7Bv2Dygvf8RLUptyovmo68oRdjQvQ=s88-c-k-c0x00ffffff-no-rj,82700,6,28,94
tiktok::7076486308268459013,crypto_pedro,Pedro Teixeira,http://p16-amd-va.tiktokcdn.com/tos-maliva-avt-0068/8e01400bac0f8ce82c2b36524438e700~tplv-tiktokx-cropcenter-q:100:100:q75.webp?nonce=83488&ps=95&refresh_token=56b0985faf59735e55b45c22ab1b31fc&s=AWEME_DETAIL&sc=avatar&shcp=1d1a97fc&shp=45126217&t=46,18200,1,29,241
twitter::1443480349774856196,ibcgroupio,IBC Group Official,https://pbs.twimg.com/profile_images/1801179786099757056/5nuHroDm_200x200.png,29691,1,30,236
youtube::UC1t1Y2T2jZKnVSsE4D5jQPw,forexcryptolive,Forex & Crypto Live,https://yt3.ggpht.com/LBWH_6ipOrQnkjJa3I9ZjjmPVMrMGH4e8lNmv1b1a7gxiKMS12tfXnoYLmXM_UiiqnFpIuuznfg=s88-c-k-c0x00ffffff-no-rj,35200,1,31,213
twitter::1301799016573923328,The_NewsCrypto,TheNewsCrypto,https://pbs.twimg.com/profile_images/1738460636932403200/97fqA4SW_200x200.jpg,26360,2,32,64
twitter::233722442,Crypto_TownHall,Crypto Town Hall,https://pbs.twimg.com/profile_images/1685931662322946049/aGwdWlrt_200x200.jpg,84897,1,33,212
twitter::1766677944687099904,wifbag,catwifbag,https://pbs.twimg.com/profile_images/1766678153320071169/DNBVOmYv_200x200.png,8906,5,34,61
twitter::1117976601910661122,Thanos_Titan_1,T H A N O S üëë,https://pbs.twimg.com/profile_images/1811743956025442304/SX_oNW0s_200x200.jpg,1455,1,35,194
twitter::1459512233776619526,AI83055785,OG-CryptoGH0$T,https://pbs.twimg.com/profile_images/1818343501035192320/9qznzyfd_200x200.jpg,2249,1,36,148
twitter::925462796472594434,TheDailyHodl,The Daily Hodl,https://pbs.twimg.com/profile_images/1168944377919655936/shJqGSmS_200x200.jpg,43419,1,37,136
youtube::UCQQ_fGcMDxlKre3SEqEWrLA,99Bitcoins,99Bitcoins,https://yt3.ggpht.com/6BOOH0WJf3dOhMwb2Jm5RtwnbBouSGJ-JX6ln9NX8aFy5Q7dy7SzBvQKRDe_G0CE5fm4vKMASA=s88-c-k-c0x00ffffff-no-rj,706000,5,38,42
tiktok::7307370243423618080,365cryptos,365Crypto,http://p16-useast2a.tiktokcdn.com/tos-useast2a-avt-0068-euttp/effcf11b6fed4422a00f25ecdb486621~tplv-tiktokx-cropcenter-q:100:100:q75.webp?nonce=3898&ps=95&refresh_token=1641f02927d9e536ad1a532504820b88&s=AWEME_DETAIL&sc=avatar&shcp=1d1a97fc&shp=45126217&t=46,3236,1,39,129
tiktok::6906536878972683270,umojainvesting,UmojaInvesting,https://p16-pu-useast8.tiktokcdn-us.com/tos-useast8-avt-0068-tx2/4c6c61ad53750f88e7d5033211d7d412~tplv-tiktokx-cropcenter-q:100:100:q75.webp?nonce=75901&ps=95&refresh_token=2463282548c1ae7c9a7a39d82b17ff69&s=AWEME_DETAIL&sc=avatar&shcp=1d1a97fc&shp=45126217&t=46,20400,1,40,123
reddit::t2_7px669gj,kadobaba66tr,kadobaba66tr,https://i.redd.it/snoovatar/avatars/8dafc1b1-ad34-42ce-98f6-8f58186dda17-headshot.png,10284,5,41,34
twitter::902030171380830208,catwifhatsolana,catwifhat $CWIF,https://pbs.twimg.com/profile_images/1782966859639181314/9v04YHyb_200x200.jpg,227362,1,42,32
twitter::1159469910361288705,ReadDailyCoin,DailyCoin,https://pbs.twimg.com/profile_images/1707319139751043072/kr-Npu2J_200x200.jpg,6142,1,43,101
twitter::1188568442,HostSeohyun,Belle,https://pbs.twimg.com/profile_images/1752749887618482181/c1zr3YhY_200x200.jpg,1078,1,44,97
twitter::976511836773388288,0xcryptus,cryptus,https://pbs.twimg.com/profile_images/1806770799065378816/aGKcEWK0_200x200.jpg,2128,1,45,94
youtube::UCl2oCaw8hdR_kbqyqd2klIA,TheCryptoLark,Lark Davis,https://yt3.ggpht.com/z1vRq3LKAUn9GIS9Suf6QmDRkdFc0Ab_X2ZRmwqnIdKyATvAm4-S05rvuW-k_eoL16gaZQR0pQ=s176-c-k-c0x00ffffff-no-rj,579000,2,46,25
twitter::237579841,YaboyB_Hux,Benji.wif,https://pbs.twimg.com/profile_images/1785376234253238272/RBEkY_R3_200x200.jpg,4001,1,47,94
tiktok::7152849035141170182,familiacoinex,Familia CoinEx,http://p16-amd-va.tiktokcdn.com/tos-maliva-avt-0068/1a4b7d101a077b6e1e702b519e74af39~tplv-tiktokx-cropcenter-q:100:100:q75.webp?nonce=96880&ps=95&refresh_token=1f9d6af9b308f6adadbd017a6a196c61&s=AWEME_DETAIL&sc=avatar&shcp=1d1a97fc&shp=45126217&t=46,13800,1,48,91
youtube::UCw2OA30Mobztf52r-dpYYTA,JacobCryptoBury,Jacob Crypto Bury,https://yt3.ggpht.com/axamCZkxL2COGSfxtZFyJURiILfCKoZmKUHTc2I3Q06YvyGoQA4gjg2XUtSCmybEmr-oQkLtbg=s88-c-k-c0x00ffffff-no-rj,41900,3,49,24
twitter::1277940761372360704,BtcTurkKripto,BtcTurk | Kripto,https://pbs.twimg.com/profile_images/1678651262890278915/AugeKTzq_200x200.png,125857,1,50,74
twitter::1268007167409434624,NotAnotherTip,nickletipping.wiki,https://pbs.twimg.com/profile_images/1804465201598631936/I_0jN64n_200x200.jpg,1091,2,51,24
twitter::1374005859127324672,bitcoindotmedia,‚Çøitcoin.Media,https://pbs.twimg.com/profile_images/1689180790247059456/gqXCv9uY_200x200.jpg,1167,2,52,23
twitter::1370330349079826434,Adrian_Alpha_W,A. W.Ó®Ä,https://pbs.twimg.com/profile_images/1515618619794862082/ToRKAgiE_200x200.jpg,7119,1,53,55
twitter::329502718,brutal_jelly,BrutalJelly,https://pbs.twimg.com/profile_images/1651569153441169410/EFBMqHWw_200x200.jpg,1653,1,54,50
twitter::1453729228805992466,CryptoniteUae,CryptoniteUae,https://pbs.twimg.com/profile_images/1754084510206169088/EITc-Htm_200x200.jpg,3468,2,55,21
twitter::124912269,Xnews_with_grok,Xnews_with_Grok,https://pbs.twimg.com/profile_images/1813965867325247488/M4CENGYk_200x200.jpg,1578,1,56,49
twitter::988992203568562176,LunarCrush,LunarCrush Social Intelligence,https://pbs.twimg.com/profile_images/1813731635059470337/CU5yxYXh_200x200.jpg,313243,5,57,18
twitter::1682758313467867137,CryptoDudeJeff,CryptoDude,https://pbs.twimg.com/profile_images/1682760833464401921/P7-06VAM_200x200.jpg,4803,1,58,44
twitter::1219697774310187009,_TOBTC,TOBTC,https://pbs.twimg.com/profile_images/1438776252702339073/DycX8ENL_200x200.jpg,12534,1,59,43
twitter::1617883393085313028,ChainAffairs,ChainAffairs ‚ö°,https://pbs.twimg.com/profile_images/1656302877504045058/EtMrzI-R_200x200.png,1606,3,60,17
tiktok::6883555161625740294,ragzycrypto,Crypto Ragzy,http://p16.tiktokcdn-us.com/tos-useast5-avt-0068-tx/7326084764573581358~tplv-tiktokx-cropcenter-q:100:100:q75.webp?nonce=86130&ps=95&refresh_token=ed1bc0fa46cc2469d8c9dab64de8962b&s=AWEME_DETAIL&sc=avatar&shcp=1d1a97fc&shp=45126217&t=46,219600,1,61,35
twitter::1375953398810472448,CryptoSrm,CV,https://pbs.twimg.com/profile_images/1375953830098112524/u9j4VaA__200x200.jpg,5417,1,62,15
twitter::886832413,bitfinex,Bitfinex,https://pbs.twimg.com/profile_images/1625795120384581633/ATQuroGo_200x200.png,932787,2,63,15
twitter::1499236633165582336,growerscrypto,Crypto Growers ( Spaces + AMA ),https://pbs.twimg.com/profile_images/1566086724052189190/3BsQYYB6_200x200.jpg,5093,1,64,30
youtube::UC8LolZlUYWcJAd6ILujvfjw,cryptoworlddaily,Crypto World Daily,https://yt3.ggpht.com/gKOxqjCIgCV9x_U4JNpoMtT7vNkF74HdKIIwVY-vk4mMgU86uXVeJZZY4Nfbl3RYvSa5vKq-Ng=s88-c-k-c0x00ffffff-no-rj,4180,1,65,14
youtube::UCNfK3Jon0JJMRknIdcwLP1g,Marsellis,Marsellis,https://yt3.ggpht.com/ytc/AIdro_lPCjJkxlSp_fNsusp_SpWdubc2UDQavngpBNESbjuGyok=s88-c-k-c0x00ffffff-no-rj,18000,1,66,30
twitter::1389743757281710081,JB_CHILLEN_10,JB-CHILLEN,https://pbs.twimg.com/profile_images/1818011659991953408/KP6zhHrf_200x200.jpg,1079,4,67,14
tiktok::6961265291431642117,officialrebelcrypto,Rebel Crypto,https://p19-pu-useast8.tiktokcdn-us.com/tos-useast8-avt-0068-tx2/211a0918bd92d11ccb02853d253b085e~tplv-tiktokx-cropcenter-q:100:100:q75.webp?nonce=15005&ps=95&refresh_token=eda1bbf3ad426b0f2a6e248fefb3fe15&s=AWEME_DETAIL&sc=avatar&shcp=1d1a97fc&shp=45126217&t=46,11500,1,68,27
twitter::1649840755966345216,pauloricci8kk,Paulo Ricci,https://pbs.twimg.com/profile_images/1709600237122170880/tBJlWEtA_200x200.jpg,2164,1,69,26
twitter::1757338545193201664,BitMystique0,Reddy,https://pbs.twimg.com/profile_images/1757340432487383040/K63KS_QS_200x200.jpg,1912,1,70,25
twitter::1783458066551173120,MintressOfMemes,M.O.M.,https://pbs.twimg.com/profile_images/1783458556395524096/xpVsM7m9_200x200.jpg,5469,2,71,12
twitter::1688557012873814016,sggresearch,SGG-Research,https://pbs.twimg.com/profile_images/1755188741793021952/kRrRkQrb_200x200.jpg,1374,1,72,24
twitter::1766666184236179456,INBREDCATONSOL,Inbred Cat,https://pbs.twimg.com/profile_images/1807337197407776769/xQhY_aiJ_200x200.jpg,1499,1,73,23
twitter::808483502417215488,mindfrozentime,MindFrozenTime #BTC #Bitcoin,https://pbs.twimg.com/profile_images/1370203745796173826/ehBXMib2_200x200.jpg,1572,1,74,23
twitter::1089978712685273090,Stock_Market_Pr,Stock Market News,https://pbs.twimg.com/profile_images/1089979474823790598/SBXMPXJt_200x200.jpg,33237,2,75,11
twitter::1650626669873618945,GroveXchange,GroveX,https://pbs.twimg.com/profile_images/1739811989130813440/45KwWGBq_200x200.jpg,80148,2,76,11
youtube::UCWcmNWpIujt5hDhuqRlXn9A,holdcoingo,HoldCoin,https://yt3.ggpht.com/hVjLkxyICgO7iBNl_XF6MgRzFE7AYXKGtGTJzwZdpdYxUNx7oA-Z9CEdqGIrPl00TvzTgEcrNao=s88-c-k-c0x00ffffff-no-rj,68700,1,77,18
twitter::1357268112110981122,free_electron0,Free,https://pbs.twimg.com/profile_images/1743430663515041792/yVN139Ad_200x200.jpg,29111,2,78,10
youtube::UCuP9POBXk191J_QWpR8a0TA,jerrybanfieldcrypto,Jerry Banfield Crypto,https://yt3.ggpht.com/h9DeTmKLEI50eO38CIf7svVOKjoRrjLeJ8WfISyUDlU0HIVfkuJKhY8_hNOS4Wr99fKEY5yd5Fw=s88-c-k-c0x00ffffff-no-rj,39300,1,79,17
youtube::UChfIBTHQRP3TxSXWc-9xKbA,ahttrader,AHT Trader,https://yt3.ggpht.com/rHOlwdbnQ6AqWlpNLRbFyxKtvbmvRrYiZ9BpS8k9yiUq7h1d1aMDFsRhYw5af_TMbVpNVUt4Hg=s88-c-k-c0x00ffffff-no-rj,4860,1,80,15
twitter::1477698846935429120,SmolPonzi,Ponzi,https://pbs.twimg.com/profile_images/1811081971642290177/DFQep3DB_200x200.jpg,3389,1,81,13
twitter::1021643080208801792,beincrypto,BeInCrypto,https://pbs.twimg.com/profile_images/1719728542873780224/Q5wITOZm_200x200.jpg,64648,1,82,13
twitter::863010444558061568,flitpayofficial,Flitpay: India's Popular Cryptocurrency Exchange,https://pbs.twimg.com/profile_images/1623999301428051968/PebYi1sk_200x200.jpg,17985,1,83,13
twitter::1742485649738104833,GenesisDAOdaily,Genesis_Dao_Daily,https://pbs.twimg.com/profile_images/1811771903515983873/pF1HjzJk_200x200.jpg,1770,1,84,9
twitter::1802311580874637312,PUGGYWTF,PUGGY,https://pbs.twimg.com/profile_images/1803711104109199360/vVjgyDGP_200x200.jpg,33316,1,85,9
twitter::1415997802321256453,cryptojack,CryptoJack,https://pbs.twimg.com/profile_images/1612067746539347969/atnT65Tv_200x200.jpg,337184,1,86,12
twitter::1389204906993668104,benjaminxbt,benjamin,https://pbs.twimg.com/profile_images/1757307937037361152/hNkrv0h-_200x200.jpg,10719,1,87,9
twitter::1470888536530296836,CallsEasy,Easy üíπüí∏,https://pbs.twimg.com/profile_images/1788533593863856128/4aYKe9ng_200x200.jpg,15191,1,88,12
twitter::1621096802903818241,MarketCoinpedia,Coinpedia Markets,https://pbs.twimg.com/profile_images/1629009962595926018/3JFmewmb_200x200.jpg,6209,2,89,9
twitter::1437797772,akleecn,AKLeeüê∏üá®üá≥,https://pbs.twimg.com/profile_images/1723278369595576320/p7jNJkrh_200x200.jpg,3224,1,90,12
reddit::t2_93oyay94,The_Probes,The_Probes,"https://styles.redditmedia.com/t5_4giss7/styles/profileIcon_pi8agtkzzooa1.jpg?width=256&height=256&crop=256:256,smart&s=fb05cf6c02d5207bfa16dcd951890a810f52b61c",9384,1,91,12
youtube::UCqUsV9YOCFTP8_kvBLk0K1A,painofcrypto,Pain of Crypto,https://yt3.ggpht.com/AjnSLlNtwbHLkWoERO0XMmd-eK0A6ADP9a_uFXEs1hS17809gN9yID45raFFW0X2Xk1KwJ5ZbFY=s88-c-k-c0x00ffffff-no-rj,11900,1,92,12
twitter::1510259086751059969,OzaruLTD,OZARU Ventures,https://pbs.twimg.com/profile_images/1744198435249774592/oz8AwoGR_200x200.jpg,18456,2,93,9
twitter::1282858909833801728,kale_abe,Kale Abe,https://pbs.twimg.com/profile_images/1655769329793744898/h3kzCYBV_200x200.jpg,72603,1,94,10
twitter::2509810398,nulltxnews,Null TX üï∑,https://pbs.twimg.com/profile_images/1557000410711601152/vJkf5LjN_200x200.png,33284,1,95,10
youtube::UCq_djmBJhZo5t7_YGk8hhjg,crypto4lightmarket,Crypto4light Market,https://yt3.ggpht.com/M_Z-Pv0OWX7G-_Sr71Wjv6C8JXVbEBHMMdbGQxmt9XzJBja7u0FyrAAZJKmVXNBYhLoYDwId=s88-c-k-c0x00ffffff-no-rj,11700,1,96,10
twitter::2630878563,Rockey_crypt,Rockey.Eth,https://pbs.twimg.com/profile_images/1811761642465599488/jh1_6-rT_200x200.jpg,13561,1,97,10
twitter::923377051033395201,Terps_Crypto,Terps | X100,https://pbs.twimg.com/profile_images/1810524769739001856/L2CesNzg_200x200.jpg,3818,1,98,8
twitter::1404345176445816833,Wen100xx,Wen100x,https://pbs.twimg.com/profile_images/1815575304762519552/NOVdodM4_200x200.jpg,1360,1,99,10
twitter::1367396088374845445,RuneSennin,Wisdom Of The Leaf üßôüèΩ‚Äç‚ôÇÔ∏è,https://pbs.twimg.com/profile_images/1790844057469542400/ulzwk9Uk_200x200.jpg,38477,1,100,10
twitter::1503643067366055936,Neo_Tokyo_News,Neo Tokyo News,https://pbs.twimg.com/profile_images/1617898888127549440/W79602V0_200x200.jpg,18697,1,101,10
twitter::839993569,iambroots,MOON KING B-ROOTS,https://pbs.twimg.com/profile_images/1774604272270712832/krirv0iJ_200x200.jpg,90132,1,102,10
youtube::UC7TghOL755nBk7HelHoi9LQ,CoinDesk,CoinDesk,https://yt3.ggpht.com/yBj_EqOeiZXJ00FCqUY-4WFt8Pn1ShQsFXX6zkoKkUoaH54kpyDtPawrzSe-8Zy-JBIfdMCKzg=s88-c-k-c0x00ffffff-no-rj,103000,1,103,10
twitter::1059910799458754561,crypto__mak,Crypto Mak,https://pbs.twimg.com/profile_images/1059911234718449664/uPfnX2bm_200x200.jpg,11876,2,104,7
twitter::1630490751229632513,Datawalletcom,Datawallet,https://pbs.twimg.com/profile_images/1703940504302567425/3wAvOnBu_200x200.png,1119,1,105,9
twitter::1311320930040393730,CryptoDeus2,CryptoDeus,https://pbs.twimg.com/profile_images/1770259503545458689/wbqZ-Hm2_200x200.jpg,48648,2,106,7
twitter::1412533718250622977,JR5_Crypto,JR5,https://pbs.twimg.com/profile_images/1652716662171353088/O6jtZkPY_200x200.jpg,30823,1,107,9
twitter::906239414577360901,mizew_,mizew,https://pbs.twimg.com/profile_images/1789112120564449280/dlBvU2of_200x200.jpg,1855,1,108,9
twitter::1747301000661315584,bbwifhat,bb.wifhat,https://pbs.twimg.com/profile_images/1785451094459727872/_d5tY-QN_200x200.jpg,2013,3,109,7
youtube::UC3kgulrZYsA90x4gmGL7zag,DigivestTV,Digivest,https://yt3.ggpht.com/BnSnNoevlEI1v0cNt2vCqrvb8wj-pSKa6bX-7ixyzd1GSrIZFc-c-OLetczmdvwBPOc3kOPjiUg=s88-c-k-c0x00ffffff-no-rj,5430,1,110,9
twitter::363495286,LambolandNFT,Lamboland,https://pbs.twimg.com/profile_images/1787253224002486272/grgpkROf_200x200.png,31406,2,111,7
twitter::4328675480,rainnen23,Rain,https://pbs.twimg.com/profile_images/1733315250844262400/fZsZZgq8_200x200.jpg,38053,1,112,9
twitter::910120075637686272,cryptodailyuk,Crypto Daily‚Ñ¢,https://pbs.twimg.com/profile_images/1742124567101890561/hnr9hujN_200x200.jpg,87519,1,113,8
twitter::2761277700,444worldeth,444,https://pbs.twimg.com/profile_images/1761070227582763008/JAif9qHr_200x200.jpg,2774,1,114,8
twitter::1355785067285540866,hiddengem10000x,hiddengem10000x.eth,https://pbs.twimg.com/profile_images/1671946867268280320/XHBynPmh_200x200.jpg,9879,1,115,8
youtube::UCVVX-7tHff75fRAEEEnZiAQ,milesdeutscher1357,Miles Deutscher,https://yt3.ggpht.com/_Zk087z9mtATIc2C0ihc7MV7CGyTKOs7Cz8FkP-b1E97_-rqfUethMHXqTiaB8Ru7H_fRSMxjiQ=s88-c-k-c0x00ffffff-no-rj,185000,1,116,8
twitter::2596169388,Chrisalphacalls,Chris Alpha Calls,https://pbs.twimg.com/profile_images/1815459406571847680/iwF5_o4y_200x200.jpg,4431,3,117,6
youtube::UCLhvOqv9bBTrAbWC9bFbOdw,ProjectMoonGoldCrypto,ProjectMoonGold Crypto,https://yt3.ggpht.com/ElvnbI7anY59RYbv58XIrRwUV2FVOr_C_veZJQBs13HcJOcalLlk3PV2agW9nCtVMYlIcbQd_Q=s88-c-k-c0x00ffffff-no-rj,31700,1,118,8
twitter::1560998397607170048,cryptotalemedia,Crypto Tale,https://pbs.twimg.com/profile_images/1742053621519327232/KCUUROH8_200x200.jpg,1432,1,119,8
twitter::1552232637837856771,CrypticMattX,MattX,https://pbs.twimg.com/profile_images/1787482436193988608/lJL2TPDM_200x200.jpg,3217,1,120,8
twitter::1387149201100922880,ponzishiller,ponzishiller,https://pbs.twimg.com/profile_images/1798697435994505216/GEKgsWQc_200x200.jpg,1401,1,121,8
twitter::1211260728822206464,acoindetective,The Coin Detective,https://pbs.twimg.com/profile_images/1241018114768277511/iC4forbo_200x200.jpg,10708,1,122,7
tiktok::6939158397246014466,chloromoney_id,Chloromoney,http://p16-amd-va.tiktokcdn.com/tos-maliva-avt-0068/56fa790c8779a9130eca891992f397c7~tplv-tiktokx-cropcenter-q:100:100:q75.webp?nonce=17802&ps=95&refresh_token=3217a838fdbdb28d238594bf76445f90&s=AWEME_DETAIL&sc=avatar&shcp=1d1a97fc&shp=45126217&t=46,37600,3,123,5
twitter::1345138114977804288,0xopaque,Opaque,https://pbs.twimg.com/profile_images/1741295702481719296/iBazef4J_200x200.jpg,1463,1,124,7
twitter::863747095039287297,cryptojesus666,CJ,https://pbs.twimg.com/profile_images/1810621848796975104/Piuhma3k_200x200.jpg,4757,1,125,5
twitter::1740345253914128385,jade_ordinals,Jade98 ARdinals | Runes,https://pbs.twimg.com/profile_images/1767553325874958336/DTsEsY4M_200x200.jpg,19615,1,126,7
twitter::993530753014054912,decryptmedia,Decrypt,https://pbs.twimg.com/profile_images/1814008381453053952/WSQnLfOu_200x200.jpg,194548,1,127,7
twitter::1495632477410369536,CruxNumber2,cr√ªx.eth,https://pbs.twimg.com/profile_images/1806638803588923392/OpqIht0u_200x200.jpg,1979,2,128,5
twitter::1527020295059648513,HyperliquidX,Hyperliquid,https://pbs.twimg.com/profile_images/1646991609416806408/vKLEZxhh_200x200.png,50822,1,129,7
twitter::1400568729419669504,0xTwoFace,TwoFace √óÕú√ó,https://pbs.twimg.com/profile_images/1795161227309744131/YWBAvToa_200x200.jpg,3141,1,130,7
twitter::1462727797135216641,lookonchain,Lookonchain,https://pbs.twimg.com/profile_images/1551771778472497152/ocyqhsbm_200x200.jpg,409828,1,131,7
twitter::800828137147957248,Coin_Explorers,Coin Explorers,https://pbs.twimg.com/profile_images/1767839197300178944/Q5teD__C_200x200.jpg,3067,2,132,4
twitter::857599726329319424,Finnfein,FINN üç∑üç∑,https://pbs.twimg.com/profile_images/1792459553373827072/U3SdaOn2_200x200.jpg,81078,1,133,7
twitter::731902795176120320,smokemeup_eth,smokemeup.eth,https://pbs.twimg.com/profile_images/1819128810882654208/UGxM8h60_200x200.jpg,2109,1,134,7
youtube::UCgoaYAT8frYVcVvy7rALAHA,onlyinvestors56,Only Investors,https://yt3.ggpht.com/0p8oK4PpkSn88z-OfTPNIJVCdxaijd5hgST39hcTlQVSDoFiFezvtyUjZutILdu-vaEquB3Iww=s176-c-k-c0x00ffffff-no-rj,202000,1,135,7
twitter::1271475157970956290,ItsBitcoinWorld,BitcoinWorld Media,https://pbs.twimg.com/profile_images/1271869586493800449/JaG-Xm9y_200x200.jpg,26712,1,136,6
twitter::1526019788274814978,cwifsoldier,$CWIF Soldier,https://pbs.twimg.com/profile_images/1788943083830235136/egP8Fv8o_200x200.jpg,2938,1,137,6
twitter::1246484793619030016,SirenWhisperer,"Crypto Siren (üíô,üß°)",https://pbs.twimg.com/profile_images/1717218651072299008/2PUYRkDL_200x200.jpg,21729,1,138,6
twitter::1654339128551706624,CoinsProbe,CoinsProbe,https://pbs.twimg.com/profile_images/1654350090428096512/N0JB3QEk_200x200.jpg,1210,1,139,5
twitter::42063302,itselliecrypto,‚úø Crypto Ellie ‚úø,https://pbs.twimg.com/profile_images/1814430821073203200/Ujod161c_200x200.jpg,1280,1,140,5
twitter::26806748,BleevesCrypto,Bleeves Crypto,https://pbs.twimg.com/profile_images/1815189942844174336/WOliOX3g_200x200.jpg,18282,1,141,5
reddit::t2_tp3s0739t,CPMarkets,CPMarkets,https://i.redd.it/snoovatar/avatars/14cc5425-7962-41e5-b0d7-6e2474f59285-headshot.png,1770,2,142,3
twitter::1478789857182896128,theboy_nft,Yournft.space,https://pbs.twimg.com/profile_images/1793769863854317570/WmPBZjyb_200x200.jpg,3389,2,143,3
twitter::1557282915410665472,CoinEdition,Coin Edition: Your Crypto News Edge Ô∏è,https://pbs.twimg.com/profile_images/1742161851121618944/8_p20VMy_200x200.jpg,11036,1,144,5
youtube::UCoaq3uoxGuH4_hoqSXEMcmw,dougtheducksol,Doug the Duck,https://yt3.ggpht.com/csCC_EosaxcUMEjGCehBfokZuLAWb22ur1OJ8UsnTE6lfBXuBdUYy4hgbV648ckjoaZ4Fgm5R9o=s88-c-k-c0x00ffffff-no-rj,1850,1,145,5
twitter::1607826154135715840,itsk1cks,k1cks,https://pbs.twimg.com/profile_images/1798870133949292544/XABpbuBJ_200x200.jpg,3665,2,146,3
twitter::1361036070423527433,BakiXBT,‚Çøakiüá™üá¨,https://pbs.twimg.com/profile_images/1758123217871335424/L7pMRqR8_200x200.jpg,3080,3,147,3
twitter::24394992,PandaAsiaStreet,Panzuki.eth,https://pbs.twimg.com/profile_images/1818871165630246912/sNMcBNGJ_200x200.jpg,15392,1,148,5
twitter::1118349404669452290,thutski,thutski,https://pbs.twimg.com/profile_images/1794208156865703936/jIk9KMAU_200x200.jpg,11796,1,149,5
twitter::20872437,zariat,zariat,https://pbs.twimg.com/profile_images/1619724881217585152/1kH9EBdw_200x200.jpg,5042,1,150,4
twitter::1354946596471861250,CryptoOMG88,Crypto OMG,https://pbs.twimg.com/profile_images/1463351836190994435/I056aBAI_200x200.jpg,12595,1,151,4
twitter::1735322124334538752,bkholdings_inc,"bk.wif (üß¢,üß¢)",https://pbs.twimg.com/profile_images/1776809076531339264/42n81TsU_200x200.jpg,1863,1,152,4
twitter::3764730021,ape2wynn,Ape2wynN,https://pbs.twimg.com/profile_images/1767235475406733312/HfbxV7Rq_200x200.jpg,1191,1,153,4
twitter::1310130190266241024,_TokenHunter,TokenHunter,https://pbs.twimg.com/profile_images/1314763884083855365/enCn4G3i_200x200.jpg,154073,1,154,4
twitter::1401677648091353088,g00dburg3r,GoodBurger,https://pbs.twimg.com/profile_images/1647725672159125507/obv3jtT4_200x200.jpg,5849,1,155,4
twitter::1477761789811036162,ThePolllyPocket,PollyPocket,https://pbs.twimg.com/profile_images/1760165180053585920/0aww4bXC_200x200.jpg,2801,1,156,4
twitter::1603651114997800960,CoinnessGL,CoinNess Global,https://pbs.twimg.com/profile_images/1677234810065162240/TSfdN3RM_200x200.png,9329,1,157,3
twitter::404161556,grettjacob,Gretta Jacobsen,https://pbs.twimg.com/profile_images/1816103609051824128/KhpIYXjf_200x200.jpg,99851,1,158,3
youtube::UCu7Sre5A1NMV8J3s2FhluCw,CryptoLove,Crypto Love,https://yt3.ggpht.com/ytc/AIdro_mMEHSiJOHNGlRnRmVfBcO0sgTGBTLrSdQYUfwwGun_iw=s88-c-k-c0x00ffffff-no-rj,242000,1,159,3
youtube::UCOGcCAS4veVm799xAd9cgIQ,cryptojo12,Crypto Jo,https://yt3.ggpht.com/LfTzsKImjXY-BuBiJ6XoAUAA4eNi-1K6oyqk6XvH_YrVy0kl5pZpjKSKHfsaBqiO1eYluIcfng=s88-c-k-c0x00ffffff-no-rj,1400,1,160,3
twitter::1437442122882322432,memeCRyptodre,Andres üç¨,https://pbs.twimg.com/profile_images/1760601800334540800/cuAhVHLc_200x200.jpg,1748,2,161,2
twitter::834386113070510080,SmiethPaul,Crypto Paul,https://pbs.twimg.com/profile_images/1702431391793692672/xF68ovz4_200x200.jpg,40144,1,162,3
twitter::1456137793361440779,1ATHStudio,1ATH.Studio,https://pbs.twimg.com/profile_images/1747199622374883328/uCkPz5g6_200x200.jpg,15052,1,163,3
reddit::t2_6ax14mvp,ASICmachine,ASICmachine,https://www.redditstatic.com/avatars/defaults/v2/avatar_default_5.png,11557,1,164,3
twitter::2306631391,1kbxx,ÂÆâ‰∏úÂ∞ºAnthony,https://pbs.twimg.com/profile_images/1756255618263044096/blDWsyxH_200x200.jpg,3502,1,165,3
twitter::2294954370,BitGo,BitGo,https://pbs.twimg.com/profile_images/1698713743545577472/fN5JC3p3_200x200.jpg,54268,1,166,3
twitter::897745748623859712,CoinCommanderX,CoinCommander,https://pbs.twimg.com/profile_images/1780352308280246272/XMGEIGug_200x200.jpg,14089,1,167,3
twitter::329151463,ETHNews_com,ETHNews,https://pbs.twimg.com/profile_images/1656602647338655745/bjp3jmpL_200x200.jpg,127966,1,168,2
twitter::174199827,zimisss,@zimisss,https://pbs.twimg.com/profile_images/770177684357967872/MVMDTPZA_200x200.jpg,12662,1,169,2
twitter::2281228142,V_TBot,VTB |„ÄéV„ÄèùöÉ„ÄéB„ÄèCasts‚îã,https://pbs.twimg.com/profile_images/1443701126960979973/JQEI5fHX_200x200.jpg,2113,1,170,2
twitter::748308727833432064,Alkeydajuiceman,tommydrake,https://pbs.twimg.com/profile_images/1790747392381227008/Z_Sio58n_200x200.jpg,2416,1,171,2
twitter::752379199,Trippy_BTC,Trippyüê∏,https://pbs.twimg.com/profile_images/1782524925229576192/q4gLuWPY_200x200.jpg,2305,1,172,2
twitter::1731278031954849792,imcoinx,imX,https://pbs.twimg.com/profile_images/1738366545188040704/JGH16e26_200x200.jpg,1373,1,173,2
twitter::1462441584620888069,MaxGanes,MaxCrypto,https://pbs.twimg.com/profile_images/1806634476874637312/KMOEW_tF_200x200.jpg,6234,1,174,1
youtube::UCcrEA_xd9Ldf1C8DIJYdyyA,VirtualBacon,VirtualBacon,https://yt3.ggpht.com/atj6qleGGxNX39X3zBIJ17oG3MdEfd90U8lL5MpqKhxboO20_FsOJIrnEKuEZvdiKjcTx6ajGg=s176-c-k-c0x00ffffff-no-rj,355000,1,175,2
twitter::2168159538,Andries1Van,andries van tonder.,https://pbs.twimg.com/profile_images/1449251163988283392/Inkq5BIg_200x200.jpg,8014,1,176,2
twitter::1317425725440512001,secondmountainx,Second Mountain.,https://pbs.twimg.com/profile_images/1780487412440829954/mpfj1GTc_200x200.jpg,20290,1,177,2
reddit::t2_8jq58uvv,yogesh_culkin99,yogesh_culkin99,https://i.redd.it/snoovatar/avatars/b0399bba-a641-439c-9efc-edb4ee7d32a1-headshot.png,10990,1,178,1
reddit::t2_5vsi4swj,PlayerPlayer69,PlayerPlayer69,"https://styles.redditmedia.com/t5_2h9k9x/styles/profileIcon_snoo-nftv2_bmZ0X2VpcDE1NToxMzdfNDY2YTMzMDg4N2JkZjYyZDUzZjk2OGVhODI0NzkzMTUwZjA3NzYyZV8xMTM5NDQ2_rare_6c44c10e-4d99-46ad-a6b7-ad4584cacd55-headshot.png?width=256&height=256&crop=256:256,smart&s=a74c1483ad1946c40b012bc8066b266359689586",4399,1,179,1
tiktok::6825892823746790405,wirexapp.com,Wirex,http://p16-amd-va.tiktokcdn.com/tos-maliva-avt-0068/2ecefdb793cda53585c9583f414afe18~tplv-tiktokx-cropcenter-q:100:100:q75.webp?nonce=62790&ps=95&refresh_token=3df0a475b4a946ccfdf9f8a1a7c71307&s=AWEME_DETAIL&sc=avatar&shcp=1d1a97fc&shp=45126217&t=46,6795,1,180,2
reddit::t2_la28pgt3,zgorgeous86,zgorgeous86,"https://styles.redditmedia.com/t5_62t3b8/styles/profileIcon_2xyjzv956y8d1.png?width=256&height=256&crop=256:256,smart&s=1d259683a34e5aa99ae70c8af9ccf04c612c46e8",4267,1,181,1
reddit::t2_gty55t1ze,Sky-876,Sky-876,"https://styles.redditmedia.com/t5_90vuv3/styles/profileIcon_snoo-nftv2_bmZ0X2VpcDE1NToxMzdfNDE2OWZmNGQzMTUwMmNiMWQwOWI4NTA0YTAwYThhNjMyZmIwODQ4Zl8xMzA3_rare_5e03c1fa-a246-4f1a-9a09-97d446e3e452-headshot.png?width=256&height=256&crop=256:256,smart&s=62d06b46268dbeba3b944be891c93f112f8eba9a",35757,1,182,2
reddit::t2_8pnkh3oa,Uaquamarine,Uaquamarine,"https://styles.redditmedia.com/t5_3cacio/styles/profileIcon_2vun2n2twjza1.jpg?width=256&height=256&crop=256:256,smart&s=1cb8878f618f095db52266e11410ae6b5fca4f04",146082,1,183,2
twitter::837985489,0xDamien,üêß Ethereum Damien (WIF Maxi) üß¢¬©Ô∏è,https://pbs.twimg.com/profile_images/1734910308072955904/Mj2t7aAs_200x200.jpg,18621,1,184,2
twitter::1787475600191500288,Boohworld,BooHüëª,https://pbs.twimg.com/profile_images/1800129899526569984/PmOB4vuS_200x200.jpg,1500,1,185,2
youtube::UCxkgGyplgGqwQxd2EtVtr-g,katochxcrypto,KatochXcrypto,https://yt3.ggpht.com/nl-kRJ1OnNTJwhc0Mz_UNaCFNcj0oposnIzktK1cKZ8LzYlnqnrEPJYddbEHAN3LY8IK5AiNIw=s88-c-k-c0x00ffffff-no-rj,25600,1,186,2
tiktok::7081081260529812507,swiftcoinio,SwiftCoin,http://p16-sg.tiktokcdn.com/tos-alisg-avt-0068/17a506ac539a431e55eddec44d667618~tplv-tiktokx-cropcenter-q:100:100:q80.webp?nonce=46390&ps=95&refresh_token=d4f295b7e57cf8ee6d762e4e23114781&s=AWEME_DETAIL&sc=avatar&shcp=1d1a97fc&shp=45126217&t=46,4377,1,187,2
twitter::258721897,rudylio_ishida,Rudy Ishida (Run It Back Arc),https://pbs.twimg.com/profile_images/1758334728984293376/3dWNJHMh_200x200.jpg,3812,1,188,2
twitter::957460182916673536,hellojintao,jintao,https://pbs.twimg.com/profile_images/1764702727806808064/cMU-iha4_200x200.jpg,9577,1,189,2
twitter::1480724253116928009,khaledabu_tv,Khaled,https://pbs.twimg.com/profile_images/1752601008612466688/G2qlr0P5_200x200.jpg,5571,1,190,2
twitter::949732407791386624,JackliuBitcoin,Jack,https://pbs.twimg.com/profile_images/1818045431114514434/ZmnGzPno_200x200.jpg,52355,1,191,2
twitter::2182413586,MNoman0x,M. Noman,https://pbs.twimg.com/profile_images/1807158173419364352/_B2EXpBC_200x200.jpg,2614,1,192,2
twitter::1252009196003917824,Satoshi_Talks,Satoshi Talks,https://pbs.twimg.com/profile_images/1585402561464614913/J_UN-cb3_200x200.jpg,118551,1,193,2
twitter::30325257,TheCryptoLark,Lark Davis,https://pbs.twimg.com/profile_images/1636319871536451589/-RYWuEdC_200x200.jpg,1235795,1,194,2
twitter::1249042570757488648,CryptoAtlas_io,CryptoAtlas,https://pbs.twimg.com/profile_images/1297572922924638213/8F1Vj12p_200x200.jpg,14030,1,195,1
twitter::1242610615308275713,Zeerabets,Zeerabets,https://pbs.twimg.com/profile_images/1631427192520605698/mn63NJl2_200x200.jpg,1261,1,196,1
twitter::1456292166095998979,tuntBTC,tunt,https://pbs.twimg.com/profile_images/1813247046666551297/ZqOurZL8_200x200.jpg,1602,1,197,1
twitter::1243470638477697024,ZssBecker,Alex Becker üçäüèÜü•á,https://pbs.twimg.com/profile_images/1550828422762577922/S3-NhpCA_200x200.jpg,1022321,1,198,1
twitter::6730482,jefdiesel,Jejüï≥Ô∏è,https://pbs.twimg.com/profile_images/1794338076837232641/ps73e7DM_200x200.jpg,2804,1,199,1
twitter::1392512018490413061,PaceCrypto,Pace Crypto,https://pbs.twimg.com/profile_images/1815386154637889536/H8qSsVfj_200x200.jpg,25657,1,200,1
twitter::1644877164335202304,1NSCR1BED,üñãÔ∏èSCRIBE üñãÔ∏è,https://pbs.twimg.com/profile_images/1798067909199282176/9K-eTYv4_200x200.jpg,4427,1,201,1
twitter::1655846335503912960,HundredCoin,$HUNDRED,https://pbs.twimg.com/profile_images/1656667777778978816/mQM7_dCk_200x200.jpg,1401,1,202,1
twitter::1306042026505404416,salad_bars,salad_‚Ñèbars,https://pbs.twimg.com/profile_images/1533252058668601344/Vcp__Kr4_200x200.jpg,1052,1,203,1
twitter::1748129210378440705,TrackerDeAlpha,Alpha Tracker,https://pbs.twimg.com/profile_images/1748129589488930818/5ThuAvcl_200x200.jpg,1058,1,204,1
youtube::UCXt6BmZc4_oNQltw_IEfs4w,CentralCoin,Coin Central Show,https://yt3.ggpht.com/XGpFJIMRmbwwTpZbTpLdU-Y7jzomLGGIzn8AsNsC9V5_ZFVIkzl6ZxRRvD051V36u91FvtirMc4=s88-c-k-c0x00ffffff-no-rj,55600,1,205,1
twitter::1472536062203351047,Cprinze_,ùêÇùêèùêëùêàùêçùêôùêÑ,https://pbs.twimg.com/profile_images/1683903211738890252/shw0n9uN_200x200.jpg,1471,1,206,1
twitter::11503282,ladyxtel,"Christel Quek | (üé©,üßê)",https://pbs.twimg.com/profile_images/1815423145261912064/MpjHCkqN_200x200.jpg,39880,1,207,1
twitter::111533746,WuBlockchain,Wu Blockchain,https://pbs.twimg.com/profile_images/1763570636201615360/fuFapqAI_200x200.jpg,385845,1,208,1
twitter::1154155010172870659,oCalebSol,Caleb üñ§,https://pbs.twimg.com/profile_images/1605944722383577089/yOBjE-Pz_200x200.jpg,125105,1,209,1
twitter::1590319213368864769,SHIBCrowd,SHIBCrowd,https://pbs.twimg.com/profile_images/1803807738742599680/VL4W-nSV_200x200.jpg,11640,1,210,1
twitter::1374360820054908932,LuckyTraderHQ,Lucky Trader,https://pbs.twimg.com/profile_images/1633836316176822274/TfbiJkgF_200x200.jpg,17475,1,211,1
twitter::1054740914122321920,digitalm00lah,digitalüí∞.eth,https://pbs.twimg.com/profile_images/1813077278198493184/LTLe3GO__200x200.jpg,1964,1,212,1
twitter::1444510384321302536,liamdnft,LiamDnft üîéùïè,https://pbs.twimg.com/profile_images/1753247479125135360/t_cAyQKB_200x200.jpg,13674,1,213,1
twitter::1356621333250138118,0neken1,Naysu,https://pbs.twimg.com/profile_images/1763406415916597248/uHk_UH8o_200x200.jpg,57467,1,214,1
tiktok::7277990741597750278,lillian_tradinghub,lillian_tradinghub,http://p16-amd-va.tiktokcdn.com/tos-maliva-avt-0068/5f90d9d7bb40d60f34478f360d8c63ad~tplv-tiktokx-cropcenter-q:100:100:q75.webp?nonce=25506&ps=95&refresh_token=dbf75f84fa70fe5b4bdd710f016f7ffa&s=AWEME_DETAIL&sc=avatar&shcp=1d1a97fc&shp=45126217&t=46,2803,1,215,1
youtube::UCotiZ6qP5Mus1gRiTokzIZQ,cypherdefi,Cypher DeFi,https://yt3.ggpht.com/xz1-WWx-eoa48t4BGpxzGTecsbuKIPS70GPe8SMzq1R4D2BJbIMUZY7NiTQpI5nhAVhmgT8aWg=s88-c-k-c0x00ffffff-no-rj,115000,1,216,1
twitter::24208255,alphabatcher,Alpha Batcher,https://pbs.twimg.com/profile_images/1760923975599673344/NeCpPRqE_200x200.jpg,26020,1,217,1
twitter::1592367516827123713,Coinhouse_EX,Coinhouse,https://pbs.twimg.com/profile_images/1595237003624267779/068QBsYU_200x200.jpg,12522,1,218,1
twitter::829967809102872576,SA_Shares,SA Shares,https://pbs.twimg.com/profile_images/864494905992781824/pPp-_VEn_200x200.jpg,5053,1,219,1
twitter::1680599724720640001,Tryrexcrypto,Tryrex,https://pbs.twimg.com/profile_images/1685217235588001792/6nKrDQee_200x200.jpg,7738,1,220,1
twitter::1567193035531816963,coverageproved,Proof of Coverage Podcast,https://pbs.twimg.com/profile_images/1668219771328815105/IA2Nl453_200x200.jpg,3163,1,221,1
twitter::951854237276876801,Shitcoin_Surfer,ShitcoinSurfer,https://pbs.twimg.com/profile_images/1686822637433937920/XrUN5kFr_200x200.jpg,3783,1,222,1
twitter::1367112884023615489,LowcapLurker,üïµÔ∏è‚Äç‚ôÇÔ∏è Lowcap Lurker,https://pbs.twimg.com/profile_images/1750046246687875072/CIEovYyl_200x200.jpg,2044,1,223,1
twitter::1554827123491082241,0xelonmoney,ElonMoney,https://pbs.twimg.com/profile_images/1818649130278719488/GLtJFy_K_200x200.jpg,35390,1,224,1
twitter::116213002,XGrowthGuide,X Growth Guide,https://pbs.twimg.com/profile_images/1779564451299016705/IaACoo4R_200x200.jpg,30784,1,225,1
twitter::245637968,Eyasu2323,EY‚Ç≥SU.sol üß¢üëåüêª,https://pbs.twimg.com/profile_images/1780791027512573952/P60upIAu_200x200.jpg,1735,1,226,1
twitter::151961804,adamshurwitz,AdamHurwitz.eth üåª,https://pbs.twimg.com/profile_images/1617936936202534948/I2joUW8j_200x200.jpg,1428,1,227,1
twitter::1526483993788665856,WhiteHeartsNFT,White Heartsü§ç,https://pbs.twimg.com/profile_images/1737178419341713408/OakqXCHn_200x200.jpg,6632,1,228,1
twitter::1529927008561643520,Emarati_ae,EMARATI,https://pbs.twimg.com/profile_images/1774577070938431488/2rR8LdNy_200x200.jpg,1326,1,229,1
twitter::279828819,Evan_ss6,Evanss6,https://pbs.twimg.com/profile_images/1544887512455188480/NTlA57Iu_200x200.jpg,45650,1,230,1
twitter::1394008945572843526,CryptoLord100x,CryptoLord,https://pbs.twimg.com/profile_images/1658727121290952705/UzTz46vE_200x200.jpg,11688,1,231,1
twitter::246585278,OddStockTrader,Cody,https://pbs.twimg.com/profile_images/1762272080819867648/xs23seQg_200x200.jpg,46910,1,232,1
twitter::20235403,PiNewsGlobal,Pi Network News Global ùõë,https://pbs.twimg.com/profile_images/1696475520328740864/Hl20e1zH_200x200.jpg,26844,1,233,1
youtube::UCwo6rrlvHWe_X_8eKELxBNw,degenvestor,Degenvestor,https://yt3.ggpht.com/itITBPs2AnJQhzG6th0aDXxuz2ky_xk_UGQl2_vkUR0pdzx5HUCRfenC1yAiIdd4gWHwYj4IpQ=s88-c-k-c0x00ffffff-no-rj,7280,1,234,1
tiktok::7153653927106331675,__thisiscryptohodl___,ThisisCryptoHodl,http://p16-sg.tiktokcdn.com/tos-alisg-avt-0068/e0f6742c344c458accccb43603ad2baf~tplv-tiktokx-cropcenter-q:100:100:q80.webp?nonce=14816&ps=95&refresh_token=44699756417fb33255a1fffb42b9f733&s=AWEME_DETAIL&sc=avatar&shcp=1d1a97fc&shp=45126217&t=46,2403,1,235,1
